group,visitors_2024,ratio
내국인,3590700,0.9477180679294286
외국인,198085,0.052281932070571434
